Commit: Sun Dec 14 23:33:00 EST 2014
Commit: Mon Dec 15 23:48:00 EST 2014
Commit: Tue Dec 16 23:11:00 EST 2014
Commit: Wed Dec 17 23:44:00 EST 2014
Commit: Thu Dec 18 22:00:00 EST 2014
Commit: Fri Dec 19 22:00:00 EST 2014
Commit: Sat Dec 20 22:00:00 EST 2014
Commit: Sun Dec 21 22:00:00 EST 2014
Commit: Mon Dec 22 22:06:01 EST 2014
Commit: Tue Dec 23 22:00:00 EST 2014
Commit: Wed Dec 24 22:30:00 EST 2014
Commit: Thu Dec 25 22:00:00 EST 2014
Commit: Fri Dec 26 23:00:00 EST 2014
Commit: Sat Dec 27 20:00:00 EST 2014
Commit: Sun Dec 28 21:00:00 EST 2014
Commit: Mon Dec 29 20:00:00 EST 2014
Commit: Tue Dec 30 20:00:00 EST 2014
Commit: Wed Dec 31 20:30:00 EST 2014
Commit: Thu Jan 1 20:00:00 EST 2015
Commit: Fri Jan 2 20:00:00 EST 2015
Commit: Sat Jan 3 20:00:00 EST 2015
Commit: Sun Jan 4 20:00:01 EST 2015
Commit: Mon Jan 5 20:00:00 EST 2015
Commit: Tue Jan 6 20:00:00 EST 2015
Commit: Wed Jan 7 20:00:00 EST 2015
Commit: Thu Jan 8 20:00:00 EST 2015
Commit: Sat Jan 10 20:00:00 EST 2015
Commit: Sun Jan 11 20:00:00 EST 2015
Commit: Mon Jan 12 23:17:18 EST 2015
Commit: Tue Jan 13 20:39:13 EST 2015
Commit: Wed Jan 14 23:31:45 EST 2015
Commit: Thu Jan 15 20:00:00 EST 2015
Commit: Sat Jan 17 20:00:00 EST 2015
Commit: Mon Jan 19 20:00:00 EST 2015
Commit: Tue Jan 20 20:00:01 EST 2015
Commit: Wed Jan 21 22:21:03 EST 2015
Commit: Fri Jan 23 20:00:00 EST 2015
Commit: Sun Jan 25 20:00:01 EST 2015
Commit: Mon Jan 26 20:00:00 EST 2015
Commit: Tue Jan 27 20:36:04 EST 2015
Commit: Sat Jan 31 20:00:01 EST 2015
Commit: Sun Feb 1 20:00:00 EST 2015
Commit: Mon Feb 2 20:01:04 EST 2015
Commit: Tue Feb 3 21:38:50 EST 2015
Commit: Wed Feb 4 20:00:00 EST 2015
Commit: Fri Feb 6 18:41:23 EST 2015
Commit: Mon Feb 9 20:00:00 EST 2015
Commit: Wed Feb 11 20:00:00 EST 2015
Commit: Thu Feb 12 20:00:01 EST 2015
Commit: Sat Feb 14 20:00:01 EST 2015
Commit: Thu Feb 19 09:43:48 EST 2015
Commit: Thu Feb 19 20:00:00 EST 2015
Commit: Sun Feb 22 20:00:00 EST 2015
Commit: Mon Feb 23 20:00:00 EST 2015
Commit: Fri Feb 27 23:20:48 CST 2015
Commit: Tue Mar 3 20:00:01 EST 2015
Commit: Thu Mar 5 20:00:00 EST 2015
Commit: Fri Mar 6 20:00:00 EST 2015
Commit: Sat Mar 7 20:00:00 EST 2015
Commit: Sun Mar 8 20:00:00 EDT 2015
Commit: Mon Mar 9 20:00:00 EDT 2015
Commit: Tue Mar 10 20:00:01 EDT 2015
Commit: Wed Mar 11 20:00:00 EDT 2015
Commit: Thu Mar 12 21:22:20 EDT 2015
Commit: Fri Mar 13 20:00:00 EDT 2015
Commit: Sat Mar 14 21:45:54 EDT 2015
Commit: Mon Mar 23 20:00:00 EDT 2015
Commit: Tue Mar 24 20:00:01 EDT 2015
Commit: Wed Mar 25 20:05:43 EDT 2015
Commit: Thu Mar 26 20:00:00 EDT 2015
Commit: Sat Mar 28 20:00:00 EDT 2015
Commit: Sun Apr 5 20:00:00 EDT 2015
Commit: Mon Apr 13 20:00:00 EDT 2015
Commit: Tue Apr 14 20:00:00 EDT 2015
Commit: Tue Apr 21 20:00:00 EDT 2015
Commit: Wed Apr 22 20:00:01 EDT 2015
Commit: Wed May 6 20:00:00 EDT 2015
Commit: Sat May 9 20:01:19 EDT 2015
Commit: Sun May 10 20:00:00 EDT 2015
Commit: Mon May 11 20:00:00 EDT 2015
Commit: Tue May 12 20:00:00 EDT 2015
Commit: Wed May 13 20:00:00 EDT 2015
Commit: Wed May 20 20:00:00 EDT 2015
Commit: Thu May 21 20:00:00 EDT 2015
Commit: Tue May 26 20:00:00 EDT 2015
Commit: Fri May 29 20:00:01 EDT 2015
Commit: Sat May 30 20:00:00 EDT 2015
Commit: Sun May 31 20:00:00 EDT 2015
Commit: Tue Jun 2 20:00:00 EDT 2015
Commit: Fri Jun 5 20:00:00 EDT 2015
Commit: Sun Jun 7 20:00:00 EDT 2015
Commit: Mon Jun 8 20:00:01 EDT 2015
Commit: Sat Jun 20 20:00:00 PDT 2015
Commit: Sun Jun 21 20:00:00 PDT 2015
Commit: Thu Jun 25 20:00:00 PDT 2015
Commit: Mon Jun 29 20:00:00 PDT 2015
Commit: Tue Jun 30 20:00:00 PDT 2015
Commit: Wed Jul 1 20:00:00 PDT 2015
Commit: Fri Jul 3 20:00:00 PDT 2015
Commit: Sat Jul 4 20:00:00 PDT 2015
Commit: Sun Jul 5 20:00:00 PDT 2015
Commit: Mon Jul 6 20:00:00 PDT 2015
Commit: Tue Jul 7 20:00:00 PDT 2015
Commit: Thu Jul 9 20:00:00 PDT 2015
Commit: Sat Jul 11 20:00:00 PDT 2015
Commit: Sun Jul 12 20:00:01 PDT 2015
Commit: Tue Jul 14 20:00:00 PDT 2015
Commit: Wed Jul 15 20:00:00 PDT 2015
Commit: Thu Jul 16 20:00:00 PDT 2015
Commit: Sat Jul 18 20:00:00 MDT 2015
Commit: Sun Jul 19 20:00:00 PDT 2015
Commit: Mon Jul 20 20:00:00 PDT 2015
Commit: Tue Jul 21 20:00:01 PDT 2015
Commit: Wed Jul 22 20:00:00 PDT 2015
Commit: Fri Jul 24 20:00:00 PDT 2015
Commit: Sat Jul 25 20:00:00 PDT 2015
Commit: Wed Jul 29 20:00:00 PDT 2015
Commit: Thu Jul 30 20:00:00 PDT 2015
Commit: Mon Aug 3 20:00:00 PDT 2015
Commit: Wed Aug 5 20:00:00 PDT 2015
Commit: Sun Aug 9 20:00:01 PDT 2015
Commit: Mon Aug 10 20:00:00 PDT 2015
Commit: Tue Aug 18 20:00:00 PDT 2015
Commit: Thu Aug 27 20:00:01 EDT 2015
Commit: Fri Aug 28 20:00:00 EDT 2015
Commit: Sun Sep 6 20:00:00 EDT 2015
Commit: Sat Sep 12 20:00:00 EDT 2015
Commit: Mon Sep 14 20:00:00 EDT 2015
Commit: Tue Sep 15 20:00:00 EDT 2015
Commit: Sat Sep 19 20:00:00 EDT 2015
Commit: Sun Sep 20 20:00:01 EDT 2015
Commit: Sat Oct 17 20:00:00 CDT 2015
Commit: Sat Oct 17 20:05:51 CDT 2015
Commit: Mon Oct 19 20:00:00 EDT 2015
Commit: Wed Oct 21 20:00:00 EDT 2015
Commit: Wed Oct 21 20:51:00 EDT 2015
Commit: Thu Oct 22 20:00:00 EDT 2015
Commit: Fri Oct 23 20:00:00 EDT 2015
Commit: Sun Oct 25 17:06:21 EDT 2015
Commit: Sun Oct 25 20:00:00 EDT 2015
Commit: Tue Oct 27 20:00:00 EDT 2015
Commit: Mon Nov 2 20:00:00 EST 2015
Commit: Tue Nov 3 20:00:00 EST 2015
Commit: Thu Nov 5 20:00:00 EST 2015
Commit: Mon Nov 9 20:00:00 EST 2015
Commit: Sun Nov 15 20:00:00 EST 2015
Commit: Thu Nov 19 20:00:00 EST 2015
Commit: Fri Nov 20 20:00:00 EST 2015
Commit: Thu Nov 26 20:00:01 EST 2015
Commit: Fri Nov 27 20:00:00 EST 2015
Commit: Sat Nov 28 20:00:00 EST 2015
Commit: Thu Dec 10 20:00:00 EST 2015
Commit: Fri Dec 11 20:00:00 EST 2015
Commit: Sat Dec 12 20:00:00 EST 2015
Commit: Sun Dec 13 20:00:00 EST 2015
Commit: Sat Dec 19 20:00:00 EST 2015
Commit: Sun Dec 20 20:00:00 EST 2015
Commit: Tue Dec 22 20:00:01 EST 2015
Commit: Wed Dec 23 20:00:00 EST 2015
Commit: Thu Dec 24 20:00:01 EST 2015
Commit: Fri Dec 25 20:00:00 EST 2015
Commit: Sun Dec 27 20:00:00 EST 2015
Commit: Mon Dec 28 20:00:01 EST 2015
Commit: Tue Dec 29 20:00:00 EST 2015
Commit: Wed Dec 30 20:00:00 EST 2015
Commit: Thu Dec 31 20:00:00 EST 2015
Commit: Fri Jan 1 20:00:00 EST 2016
Commit: Tue Jan 5 20:00:00 EST 2016
Commit: Tue Jan 12 20:00:00 EST 2016
Commit: Wed Jan 13 20:00:00 EST 2016
Commit: Tue Jan 19 20:00:00 EST 2016
Commit: Sun Jan 24 20:00:01 EST 2016
Commit: Tue Jan 26 20:00:00 EST 2016
Commit: Mon Feb 1 20:00:00 EST 2016
Commit: Tue Feb 2 20:00:00 EST 2016
Commit: Thu Feb 4 20:00:00 EST 2016
Commit: Tue Feb 9 20:00:00 EST 2016
Commit: Sun Feb 14 20:00:01 EST 2016
Commit: Tue Feb 16 20:00:00 EST 2016
Commit: Thu Feb 18 20:00:00 EST 2016
Commit: Sun Feb 21 20:00:00 EST 2016
Commit: Mon Feb 22 20:00:00 EST 2016
Commit: Sat Feb 27 20:00:00 EST 2016
Commit: Fri Mar 4 20:00:00 EST 2016
Commit: Sun Mar 6 20:00:00 EST 2016
Commit: Mon Mar 7 20:00:00 EST 2016
Commit: Tue Mar 8 20:00:00 EST 2016
Commit: Thu Mar 10 20:00:00 EST 2016
Commit: Sun Mar 13 20:00:00 EDT 2016
Commit: Tue Mar 15 20:00:00 EDT 2016
Commit: Thu Mar 17 20:00:01 EDT 2016
Commit: Fri Mar 18 20:00:00 EDT 2016
Commit: Sat Mar 19 20:00:00 EDT 2016
Commit: Tue Mar 22 20:00:00 EDT 2016
Commit: Wed Mar 23 20:00:00 EDT 2016
Commit: Thu Mar 24 20:00:00 EDT 2016
Commit: Sat Mar 26 20:00:00 EDT 2016
Commit: Sun Mar 27 20:00:00 EDT 2016
Commit: Mon Mar 28 20:00:00 EDT 2016
Commit: Tue Mar 29 20:00:00 EDT 2016
Commit: Thu Mar 31 20:00:00 EDT 2016
Commit: Sat Apr 2 20:00:00 EDT 2016
Commit: Sun Apr 3 20:00:00 EDT 2016
Commit: Tue Apr 5 20:00:00 EDT 2016
Commit: Sat Apr 9 20:00:00 EDT 2016
Commit: Sun Apr 10 20:00:00 EDT 2016
Commit: Mon Apr 11 20:00:41 EDT 2016
Commit: Tue Apr 12 20:00:00 EDT 2016
Commit: Wed Apr 13 20:00:00 EDT 2016
Commit: Thu Apr 14 20:00:00 EDT 2016
Commit: Mon Apr 18 20:00:00 EDT 2016
Commit: Tue Apr 19 20:00:00 EDT 2016
Commit: Sat Apr 23 20:00:00 EDT 2016
Commit: Sun Apr 24 20:00:00 EDT 2016
Commit: Tue Apr 26 20:02:57 EDT 2016
Commit: Sat Apr 30 20:00:00 EDT 2016
Commit: Mon May 2 20:00:00 EDT 2016
Commit: Tue May 3 20:00:00 EDT 2016
Commit: Thu May 5 20:00:00 EDT 2016
Commit: Sat May 7 20:00:00 EDT 2016
Commit: Tue May 10 20:00:00 EDT 2016
Commit: Thu May 12 20:00:00 EDT 2016
Commit: Thu May 19 20:00:00 PDT 2016
Commit: Sun May 22 20:00:01 PDT 2016
Commit: Mon May 23 20:00:00 PDT 2016
Commit: Mon May 30 20:00:00 PDT 2016
Commit: Sun Jun 5 20:01:28 PDT 2016
Commit: Thu Jun 9 20:00:00 PDT 2016
Commit: Fri Jun 10 20:00:00 PDT 2016
Commit: Sat Jun 11 20:00:00 PDT 2016
Commit: Sun Jun 12 20:00:00 PDT 2016
Commit: Tue Jun 14 20:00:00 PDT 2016
Commit: Wed Jun 15 20:00:00 PDT 2016
Commit: Fri Jun 17 20:00:00 PDT 2016
Commit: Sat Jun 18 20:00:00 PDT 2016
Commit: Sun Jun 26 20:00:01 PDT 2016
Commit: Wed Jun 29 20:00:00 PDT 2016
Commit: Fri Jul 1 20:00:00 PDT 2016
Commit: Sat Jul 2 20:00:01 PDT 2016
Commit: Wed Jul 6 20:00:00 PDT 2016
Commit: Sun Jul 10 20:00:00 PDT 2016
Commit: Tue Jul 12 20:00:00 PDT 2016
Commit: Sun Jul 24 20:00:00 PDT 2016
Commit: Mon Jul 25 20:00:00 PDT 2016
Commit: Tue Jul 26 20:00:00 PDT 2016
Commit: Wed Jul 27 20:00:00 PDT 2016
Commit: Sat Jul 30 20:00:00 PDT 2016
Commit: Mon Aug 1 20:00:01 PDT 2016
Commit: Tue Aug 2 20:00:00 PDT 2016
Commit: Sat Aug 6 20:06:07 PDT 2016
Commit: Mon Aug 8 20:00:00 PDT 2016
Commit: Tue Aug 9 20:00:00 PDT 2016
Commit: Wed Aug 10 20:00:00 PDT 2016
Commit: Fri Aug 12 20:00:00 PDT 2016
Commit: Sat Aug 13 20:00:01 PDT 2016
Commit: Sun Aug 14 20:00:00 PDT 2016
Commit: Mon Aug 15 20:00:00 PDT 2016
Commit: Wed Aug 17 20:00:00 PDT 2016
Commit: Thu Aug 18 20:00:00 PDT 2016
Commit: Fri Aug 19 20:00:00 PDT 2016
Commit: Sat Aug 20 20:00:00 PDT 2016
Commit: Tue Aug 23 20:00:00 PDT 2016
Commit: Thu Aug 25 20:00:00 PDT 2016
Commit: Thu Sep 1 20:00:00 EDT 2016
Commit: Thu Sep 8 20:00:01 EDT 2016
Commit: Sat Sep 10 20:00:00 EDT 2016
Commit: Wed Sep 14 20:00:00 EDT 2016
Commit: Sun Sep 18 20:05:44 EDT 2016
Commit: Mon Sep 19 20:00:00 EDT 2016
Commit: Tue Sep 20 20:00:01 EDT 2016
Commit: Sun Sep 25 20:00:00 EDT 2016
Commit: Mon Oct 3 20:00:01 EDT 2016
Commit: Thu Oct 13 20:00:00 EDT 2016
Commit: Sun Oct 16 20:00:00 EDT 2016
Commit: Thu Oct 20 20:00:00 EDT 2016
Commit: Fri Oct 21 20:00:00 EDT 2016
Commit: Sat Oct 22 20:00:00 EDT 2016
Commit: Sun Oct 23 20:00:00 EDT 2016
Commit: Mon Oct 24 20:00:01 EDT 2016
Commit: Thu Oct 27 20:00:00 EDT 2016
Commit: Sat Oct 29 20:21:44 EDT 2016
Commit: Sun Oct 30 20:00:00 EDT 2016
Commit: Tue Nov 1 20:00:00 EDT 2016
Commit: Wed Nov 2 20:00:00 EDT 2016
Commit: Thu Nov 3 20:00:00 EDT 2016
Commit: Fri Nov 4 20:00:00 EDT 2016
Commit: Sun Nov 6 20:00:00 EST 2016
Commit: Mon Nov 7 20:00:00 EST 2016
Commit: Thu Nov 10 20:00:00 EST 2016
Commit: Fri Nov 11 20:00:00 EST 2016
Commit: Tue Nov 15 20:00:00 EST 2016
Commit: Wed Nov 16 20:00:00 EST 2016
Commit: Sun Nov 20 20:00:00 EST 2016
Commit: Mon Nov 21 20:00:00 EST 2016
Commit: Wed Nov 23 20:00:00 EST 2016
Commit: Thu Nov 24 20:00:01 EST 2016
Commit: Fri Nov 25 20:00:00 EST 2016
Commit: Sat Nov 26 20:00:00 EST 2016
Commit: Sun Nov 27 20:00:00 EST 2016
Commit: Mon Nov 28 20:00:00 EST 2016
Commit: Wed Nov 30 20:00:00 EST 2016
Commit: Thu Dec 1 20:00:00 EST 2016
Commit: Fri Dec 2 20:00:00 EST 2016
Commit: Sat Dec 3 20:00:00 EST 2016
Commit: Tue Dec 6 20:00:00 EST 2016
Commit: Thu Dec 8 20:00:00 EST 2016
Commit: Sat Dec 10 20:00:00 EST 2016
Commit: Sun Dec 11 20:00:00 EST 2016
Commit: Mon Dec 12 20:00:00 EST 2016
Commit: Tue Dec 13 20:00:00 EST 2016
Commit: Fri Dec 16 20:00:00 EST 2016
Commit: Mon Dec 19 20:00:00 EST 2016
Commit: Tue Dec 20 20:00:00 EST 2016
Commit: Tue Dec 27 20:00:00 EST 2016
Commit: Thu Dec 29 20:00:02 EST 2016
Commit: Fri Dec 30 20:00:01 EST 2016
Commit: Sun Jan 1 20:00:01 EST 2017
Commit: Wed Jan 4 20:00:00 EST 2017
Commit: Thu Jan 5 20:00:00 EST 2017
Commit: Mon Jan 9 20:00:00 EST 2017
Commit: Tue Jan 10 20:00:01 EST 2017
Commit: Sun Jan 15 20:00:00 EST 2017
Commit: Thu Jan 19 20:00:00 EST 2017
Commit: Tue Jan 24 20:00:01 EST 2017
Commit: Thu Jan 26 20:00:00 EST 2017
Commit: Mon Jan 30 20:00:00 EST 2017
Commit: Wed Feb 1 20:00:00 EST 2017
Commit: Thu Feb 2 20:00:00 EST 2017
Commit: Sun Feb 5 20:00:00 EST 2017
Commit: Mon Feb 6 20:00:00 EST 2017
Commit: Tue Feb 7 20:00:00 EST 2017
Commit: Thu Feb 9 20:00:00 EST 2017
Commit: Sun Feb 12 20:00:00 EST 2017
Commit: Thu Feb 16 20:00:00 EST 2017
Commit: Fri Feb 17 20:00:00 EST 2017
Commit: Sat Feb 18 20:00:00 EST 2017
Commit: Tue Feb 21 20:00:00 EST 2017
Commit: Thu Feb 23 20:00:00 EST 2017
Commit: Sat Feb 25 20:00:00 CST 2017
Commit: Thu Mar 2 20:00:01 EST 2017
Commit: Fri Mar 3 20:00:01 EST 2017
Commit: Sat Mar 4 20:00:01 EST 2017
Commit: Mon Mar 6 20:00:01 EST 2017
Commit: Tue Mar 7 20:00:00 EST 2017
Commit: Wed Mar 8 20:00:00 EST 2017
Commit: Sun Mar 12 20:00:00 EDT 2017
Commit: Mon Mar 13 20:00:00 EDT 2017
Commit: Tue Mar 14 20:00:00 EDT 2017
Commit: Thu Mar 16 20:00:00 EDT 2017
Commit: Sat Mar 18 20:00:01 EDT 2017
Commit: Sun Mar 19 20:00:00 EDT 2017
Commit: Mon Mar 20 20:00:01 EDT 2017
Commit: Tue Mar 21 20:00:00 EDT 2017
Commit: Wed Mar 22 20:00:00 EDT 2017
Commit: Thu Mar 23 20:00:01 EDT 2017
Commit: Fri Mar 24 20:00:00 EDT 2017
Commit: Mon Mar 27 20:00:00 EDT 2017
Commit: Tue Mar 28 20:00:00 EDT 2017
Commit: Thu Mar 30 20:00:00 EDT 2017
Commit: Fri Mar 31 20:00:00 EDT 2017
Commit: Wed Apr 5 20:00:00 EDT 2017
Commit: Thu Apr 6 20:00:00 EDT 2017
Commit: Sun Apr 9 20:00:01 EDT 2017
Commit: Tue Apr 11 20:04:12 EDT 2017
Commit: Thu Apr 13 20:00:00 EDT 2017
Commit: Sat Apr 15 20:00:00 EDT 2017
Commit: Mon Apr 17 20:00:00 EDT 2017
Commit: Wed Apr 19 20:00:01 EDT 2017
Commit: Thu Apr 20 20:00:00 EDT 2017
Commit: Sun Apr 23 20:00:00 EDT 2017
Commit: Thu Apr 27 20:00:00 EDT 2017
Commit: Thu May 4 20:00:00 EDT 2017
Commit: Fri May 5 20:00:00 EDT 2017
Commit: Sun May 7 20:00:00 PDT 2017
Commit: Mon May 8 20:00:00 PDT 2017
Commit: Wed May 10 20:00:00 PDT 2017
Commit: Thu May 11 20:00:00 PDT 2017
Commit: Fri May 12 20:00:00 PDT 2017
Commit: Sat May 13 20:00:00 PDT 2017
Commit: Thu Oct  5 16:39:31 EDT 2017
Commit: Thu Oct  5 22:00:00 EDT 2017
Commit: Sun Oct  8 22:00:00 EDT 2017
Commit: Mon Oct  9 22:00:01 EDT 2017
Commit: Wed Oct 11 22:00:00 EDT 2017
Commit: Fri Oct 13 22:00:00 EDT 2017
Commit: Sat Oct 14 22:00:00 EDT 2017
Commit: Mon Oct 16 22:00:01 EDT 2017
Commit: Tue Oct 17 02:58:03 EDT 2017
Commit: Tue Oct 17 22:00:01 EDT 2017
Commit: Wed Oct 18 02:48:03 EDT 2017
Commit: Wed Oct 18 22:00:01 EDT 2017
Commit: Fri Oct 20 22:00:00 EDT 2017
Commit: Sun Oct 22 22:00:00 EDT 2017
Commit: Mon Oct 23 03:24:35 EDT 2017
Commit: Mon Oct 23 22:00:00 EDT 2017
Commit: Thu Oct 26 22:00:00 EDT 2017
Commit: Fri Oct 27 22:00:00 EDT 2017
Commit: Wed Nov  1 22:00:00 EDT 2017
Commit: Thu Nov  2 22:00:00 EDT 2017
Commit: Sun Nov  5 22:00:00 EST 2017
Commit: Thu Nov  9 22:00:00 EST 2017
Commit: Fri Nov 10 22:00:00 EST 2017
Commit: Sat Nov 11 02:27:39 EST 2017
Commit: Sun Nov 12 22:00:00 EST 2017
Commit: Tue Nov 14 22:00:01 EST 2017
Commit: Wed Nov 15 22:00:00 EST 2017
Commit: Thu Nov 16 22:00:00 EST 2017
Commit: Fri Nov 17 22:00:00 EST 2017
Commit: Sat Nov 18 22:00:00 EST 2017
Commit: Mon Nov 20 22:00:00 EST 2017
Commit: Thu Nov 23 22:05:13 EST 2017
Commit: Sat Nov 25 22:00:00 EST 2017
Commit: Sun Nov 26 22:00:00 EST 2017
Commit: Wed Nov 29 22:00:00 EST 2017
Commit: Fri Dec  1 22:00:01 EST 2017
Commit: Sun Dec  3 22:00:01 EST 2017
Commit: Mon Dec  4 22:00:00 EST 2017
Commit: Wed Dec  6 22:00:00 EST 2017
Commit: Thu Dec  7 22:00:00 EST 2017
Commit: Sun Dec 10 22:00:00 EST 2017
Commit: Wed Dec 13 22:00:00 EST 2017
Commit: Thu Dec 14 22:00:00 EST 2017
Commit: Sat Dec 16 22:00:00 EST 2017
Commit: Sun Dec 17 22:00:00 EST 2017
Commit: Mon Dec 18 22:00:00 EST 2017
Commit: Tue Dec 19 22:00:00 EST 2017
Commit: Wed Dec 20 22:00:00 EST 2017
Commit: Thu Dec 21 16:44:24 EST 2017
Commit: Thu Dec 21 22:00:00 EST 2017
Commit: Fri Dec 22 22:00:00 EST 2017
Commit: Tue Dec 26 22:00:01 EST 2017
Commit: Tue Dec 26 22:00:47 EST 2017
Commit: Wed Dec 27 22:00:00 EST 2017
Commit: Sat Dec 30 22:00:00 EST 2017
Commit: Mon Jan  1 22:00:00 EST 2018
Commit: Fri Jan  5 22:00:01 EST 2018
Commit: Sun Jan  7 22:00:00 EST 2018
Commit: Mon Jan  8 22:00:00 EST 2018
Commit: Thu Jan 11 22:00:00 EST 2018
Commit: Fri Jan 12 22:00:00 EST 2018
Commit: Sat Jan 13 22:00:14 EST 2018
Commit: Sun Jan 14 22:00:00 EST 2018
Commit: Thu Jan 18 22:00:00 EST 2018
Commit: Fri Jan 19 22:00:00 EST 2018
Commit: Mon Jan 22 22:00:00 EST 2018
Commit: Thu Jan 25 22:00:00 EST 2018
Commit: Sun Jan 28 22:00:00 EST 2018
Commit: Sat Feb  3 22:00:00 EST 2018
Commit: Sun Feb  4 22:00:01 EST 2018
Commit: Mon Feb  5 22:00:00 EST 2018
Commit: Wed Feb  7 22:00:00 EST 2018
Commit: Thu Feb  8 22:00:00 EST 2018
Commit: Sat Feb 10 22:00:00 EST 2018
Commit: Sun Feb 11 22:00:00 EST 2018
Commit: Mon Feb 12 22:00:00 EST 2018
Commit: Fri Feb 16 22:05:46 EST 2018
Commit: Tue Feb 20 22:00:00 EST 2018
Commit: Thu Feb 22 22:00:01 EST 2018
Commit: Fri Feb 23 22:00:00 CST 2018
Commit: Wed Feb 28 22:00:00 EST 2018
Commit: Sun Mar  4 22:00:00 EST 2018
Commit: Sat Mar 10 22:00:00 EST 2018
Commit: Sun Mar 11 22:00:00 EDT 2018
Commit: Mon Mar 12 22:00:00 EDT 2018
Commit: Tue Mar 13 22:00:00 EDT 2018
Commit: Thu Mar 15 22:00:00 EDT 2018
Commit: Fri Mar 16 22:00:00 EDT 2018
Commit: Sun Mar 18 22:00:00 EDT 2018
Commit: Mon Mar 19 22:00:00 EDT 2018
Commit: Fri Mar 23 22:00:00 EDT 2018
Commit: Sat Mar 24 22:00:00 EDT 2018
Commit: Sun Mar 25 22:00:00 EDT 2018
Commit: Mon Mar 26 22:00:00 EDT 2018
Commit: Wed Mar 28 22:00:00 EDT 2018
Commit: Fri Mar 30 22:00:00 EDT 2018
Commit: Sat Mar 31 22:00:00 EDT 2018
Commit: Sat Apr 14 22:00:00 EDT 2018
Commit: Sun Apr 15 22:00:01 EDT 2018
Commit: Mon Apr 16 22:00:00 EDT 2018
Commit: Wed Apr 18 22:00:00 EDT 2018
Commit: Thu Apr 19 22:00:00 EDT 2018
Commit: Sun Apr 22 22:00:00 EDT 2018
Commit: Fri Apr 27 22:00:00 EDT 2018
Commit: Sat Apr 28 22:00:01 EDT 2018
Commit: Sun Apr 29 22:00:00 EDT 2018
Commit: Mon Apr 30 22:00:01 EDT 2018
Commit: Fri May  4 22:00:00 EDT 2018
Commit: Wed May  9 22:00:00 EDT 2018
Commit: Thu May 10 22:00:00 EDT 2018
Commit: Fri May 11 22:00:01 EDT 2018
Commit: Wed May 16 22:00:01 EDT 2018
Commit: Tue May 22 22:00:00 EDT 2018
Commit: Wed May 23 22:03:21 EDT 2018
Commit: Sun May 27 22:00:00 EDT 2018
Commit: Tue May 29 22:00:00 EDT 2018
Commit: Wed May 30 22:00:00 EDT 2018
Commit: Thu May 31 22:00:00 EDT 2018
Commit: Sun Jun  3 22:00:00 EDT 2018
Commit: Tue Jun  5 22:00:00 EDT 2018
Commit: Thu Jun  7 22:00:00 EDT 2018
Commit: Fri Jun  8 22:00:00 EDT 2018
Commit: Sat Jun  9 22:00:00 EDT 2018
Commit: Sun Jun 10 22:00:00 EDT 2018
Commit: Tue Jun 12 22:00:00 EDT 2018
Commit: Tue Jun 19 22:00:01 EDT 2018
Commit: Wed Jun 20 22:00:00 EDT 2018
Commit: Thu Jun 21 22:00:00 EDT 2018
Commit: Tue Jun 26 22:00:01 EDT 2018
Commit: Thu Jun 28 22:00:01 EDT 2018
Commit: Fri Jun 29 22:02:09 EDT 2018
Commit: Sat Jun 30 22:00:00 EDT 2018
Commit: Sun Jul  1 22:00:15 EDT 2018
Commit: Sat Jul  7 22:00:00 EDT 2018
Commit: Sun Jul  8 22:00:01 EDT 2018
Commit: Fri Jul 13 22:00:00 EDT 2018
Commit: Wed Jul 18 22:00:00 EDT 2018
Commit: Fri Jul 20 22:00:00 EDT 2018
Commit: Sun Jul 22 22:00:00 EDT 2018
Commit: Wed Jul 25 22:00:00 EDT 2018
Commit: Mon Jul 30 22:00:01 EDT 2018
Commit: Tue Jul 31 22:00:00 EDT 2018
Commit: Wed Aug  1 22:00:00 EDT 2018
Commit: Fri Aug  3 22:00:00 EDT 2018
Commit: Sat Aug  4 22:00:00 EDT 2018
Commit: Wed Aug  8 22:00:00 EDT 2018
Commit: Thu Aug  9 22:00:00 EDT 2018
Commit: Sat Aug 11 22:00:00 EDT 2018
Commit: Sun Aug 12 22:00:00 EDT 2018
Commit: Mon Aug 13 22:00:00 EDT 2018
Commit: Wed Aug 15 22:00:00 EDT 2018
Commit: Thu Aug 16 22:00:00 EDT 2018
Commit: Sun Aug 19 22:00:00 EDT 2018
Commit: Mon Aug 20 22:00:00 EDT 2018
Commit: Tue Aug 21 22:00:01 EDT 2018
Commit: Wed Aug 22 22:00:00 EDT 2018
Commit: Sun Sep  2 22:00:00 EDT 2018
Commit: Wed Sep  5 22:00:00 EDT 2018
Commit: Sat Sep  8 22:00:00 EDT 2018
Commit: Tue Sep 11 22:00:00 EDT 2018
Commit: Wed Sep 12 22:00:00 EDT 2018
Commit: Thu Sep 13 22:00:00 EDT 2018
Commit: Sat Sep 15 22:00:00 EDT 2018
Commit: Sun Sep 16 22:00:00 EDT 2018
Commit: Mon Sep 17 22:00:00 EDT 2018
Commit: Wed Sep 19 22:00:00 EDT 2018
Commit: Thu Sep 20 22:00:00 EDT 2018
Commit: Fri Sep 21 22:00:01 EDT 2018
Commit: Sat Sep 22 22:00:00 EDT 2018
Commit: Sun Sep 23 22:00:01 EDT 2018
Commit: Mon Sep 24 22:00:00 EDT 2018
Commit: Thu Sep 27 22:00:00 EDT 2018
Commit: Fri Sep 28 22:00:00 EDT 2018
Commit: Sat Sep 29 22:00:00 EDT 2018
Commit: Sun Sep 30 22:00:00 EDT 2018
Commit: Mon Oct  1 22:00:00 EDT 2018
Commit: Tue Oct  2 22:00:00 EDT 2018
Commit: Wed Oct  3 22:00:00 EDT 2018
Commit: Sat Oct  6 22:00:00 EDT 2018
Commit: Sun Oct  7 22:00:00 EDT 2018
Commit: Thu Oct 11 22:00:00 EDT 2018
Commit: Sun Oct 14 22:00:00 EDT 2018
Commit: Mon Oct 15 22:00:00 EDT 2018
Commit: Wed Oct 17 22:00:00 EDT 2018
Commit: Fri Oct 19 22:00:00 EDT 2018
Commit: Sun Oct 21 22:00:00 EDT 2018
Commit: Mon Oct 22 22:00:00 EDT 2018
Commit: Tue Oct 23 22:00:00 EDT 2018
Commit: Wed Oct 24 22:00:00 EDT 2018
Commit: Sat Oct 27 22:00:01 EDT 2018
Commit: Mon Oct 29 22:00:00 EDT 2018
Commit: Wed Oct 31 22:00:00 EDT 2018
Commit: Thu Nov  1 22:00:00 EDT 2018
Commit: Sun Nov  4 22:00:01 EST 2018
Commit: Mon Nov  5 22:00:00 EST 2018
Commit: Wed Nov  7 22:00:00 EST 2018
Commit: Fri Nov  9 22:03:00 EST 2018
Commit: Sat Nov 10 22:00:00 EST 2018
Commit: Sun Nov 11 22:00:00 EST 2018
Commit: Mon Nov 12 22:00:00 EST 2018
Commit: Tue Nov 13 22:00:00 EST 2018
Commit: Wed Nov 14 22:00:00 EST 2018
Commit: Sun Nov 18 22:00:00 EST 2018
Commit: Mon Nov 19 22:00:00 EST 2018
Commit: Wed Nov 21 22:00:00 EST 2018
Commit: Sat Nov 24 22:00:00 EST 2018
Commit: Sun Nov 25 22:00:00 EST 2018
Commit: Mon Nov 26 22:00:00 EST 2018
Commit: Wed Nov 28 22:00:00 EST 2018
Commit: Thu Nov 29 22:00:00 EST 2018
Commit: Sun Dec  2 22:00:00 EST 2018
Commit: Tue Dec  4 22:00:00 EST 2018
Commit: Fri Dec 14 22:00:00 EST 2018
Commit: Mon Dec 17 22:00:00 EST 2018
Commit: Wed Dec 19 22:00:00 EST 2018
Commit: Fri Dec 21 22:00:00 EST 2018
Commit: Tue Jan  1 22:00:00 EST 2019
Commit: Fri Jan  4 22:00:01 EST 2019
Commit: Fri Jan 11 22:00:01 EST 2019
Commit: Mon Feb 11 22:00:00 EST 2019
Commit: Wed Feb 13 22:00:01 EST 2019
Commit: Thu Feb 14 22:00:00 EST 2019
Commit: Fri Feb 15 22:00:00 EST 2019
Commit: Sun Feb 17 22:00:00 EST 2019
Commit: Mon Feb 18 22:00:00 EST 2019
Commit: Tue Feb 19 22:00:00 EST 2019
Commit: Sat Feb 23 22:00:01 EST 2019
Commit: Sun Feb 24 22:00:00 EST 2019
Commit: Tue Feb 26 22:00:00 EST 2019
Commit: Wed Feb 27 22:00:00 EST 2019
Commit: Thu Feb 28 22:00:00 EST 2019
Commit: Fri Mar  1 22:00:00 EST 2019
Commit: Sat Mar  2 22:00:00 EST 2019
Commit: Fri Mar  8 22:00:00 EST 2019
Commit: Sun Mar 10 22:00:00 EDT 2019
Commit: Mon Mar 11 22:00:01 EDT 2019
Commit: Tue Mar 12 22:00:00 EDT 2019
Commit: Tue Mar 19 22:00:00 EDT 2019
Commit: Wed Mar 20 22:00:00 EDT 2019
Commit: Thu Mar 21 22:00:00 EDT 2019
Commit: Fri Mar 22 22:00:00 EDT 2019
Commit: Sat Mar 23 22:00:00 EDT 2019
Commit: Sun Mar 24 22:00:00 EDT 2019
Commit: Mon Mar 25 22:00:00 EDT 2019
Commit: Tue Mar 26 22:00:00 EDT 2019
Commit: Wed Mar 27 22:00:00 EDT 2019
Commit: Sat Mar 30 22:00:00 EDT 2019
Commit: Mon Apr  1 22:00:01 EDT 2019
Commit: Thu Apr  4 22:00:00 EDT 2019
Commit: Fri Apr  5 22:00:00 EDT 2019
Commit: Sun Apr 14 22:00:00 EDT 2019
Commit: Mon Apr 15 22:00:00 EDT 2019
Commit: Thu Apr 18 22:00:00 EDT 2019
Commit: Fri Apr 19 22:00:00 EDT 2019
Commit: Tue Apr 23 22:00:00 EDT 2019
Commit: Wed Apr 24 22:00:00 EDT 2019
Commit: Thu Apr 25 22:00:00 EDT 2019
Commit: Tue Apr 30 22:00:00 EDT 2019
Commit: Wed May  1 22:00:00 EDT 2019
Commit: Thu May  2 22:00:01 EDT 2019
Commit: Fri May  3 22:00:00 EDT 2019
Commit: Wed May  8 22:00:00 EDT 2019
Commit: Fri May 10 22:00:00 EDT 2019
Commit: Mon May 13 22:00:00 EDT 2019
Commit: Tue May 14 22:00:01 EDT 2019
Commit: Wed May 15 22:00:00 EDT 2019
Commit: Thu May 16 22:00:00 EDT 2019
Commit: Fri May 17 22:00:00 EDT 2019
Commit: Sun May 19 22:00:00 EDT 2019
Commit: Tue May 21 22:00:00 EDT 2019
Commit: Wed May 22 22:00:01 EDT 2019
Commit: Fri May 24 22:00:00 EDT 2019
Commit: Sat May 25 22:00:01 EDT 2019
Commit: Sun May 26 22:00:00 EDT 2019
Commit: Mon May 27 22:00:00 EDT 2019
Commit: Tue May 28 22:00:00 EDT 2019
Commit: Wed May 29 22:00:00 EDT 2019
Commit: Mon Jun  3 22:00:00 EDT 2019
Commit: Tue Jun  4 22:00:00 EDT 2019
Commit: Wed Jun  5 22:00:00 EDT 2019
Commit: Fri Jun  7 22:00:00 EDT 2019
Commit: Sun Jun  9 22:00:00 EDT 2019
Commit: Mon Jun 10 22:00:00 EDT 2019
Commit: Tue Jun 11 22:00:00 EDT 2019
Commit: Wed Jun 12 22:00:00 EDT 2019
Commit: Thu Jun 13 22:00:00 EDT 2019
Commit: Sun Jun 16 22:00:00 EDT 2019
Commit: Mon Jun 17 22:00:00 EDT 2019
Commit: Tue Jun 18 22:00:00 EDT 2019
Commit: Wed Jun 19 22:00:00 EDT 2019
Commit: Fri Jun 21 22:00:00 EDT 2019
Commit: Sun Jun 23 22:00:00 EDT 2019
Commit: Mon Jun 24 22:00:00 EDT 2019
Commit: Tue Jun 25 22:00:00 EDT 2019
Commit: Wed Jun 26 22:00:00 EDT 2019
Commit: Thu Jun 27 22:01:17 EDT 2019
Commit: Fri Jun 28 22:00:01 EDT 2019
Commit: Sun Jun 30 22:00:00 EDT 2019
Commit: Mon Jul  1 22:00:00 EDT 2019
Commit: Tue Jul  2 22:00:00 EDT 2019
Commit: Wed Jul  3 22:00:00 EDT 2019
Commit: Fri Jul  5 22:00:00 EDT 2019
Commit: Sat Jul  6 22:00:00 EDT 2019
Commit: Sun Jul  7 22:00:00 EDT 2019
Commit: Tue Jul  9 22:00:00 EDT 2019
Commit: Wed Jul 10 22:00:00 EDT 2019
Commit: Sat Jul 13 22:00:00 EDT 2019
Commit: Sun Jul 14 22:00:01 EDT 2019
Commit: Mon Jul 15 22:00:00 EDT 2019
Commit: Tue Jul 16 22:00:00 EDT 2019
Commit: Thu Jul 18 22:00:01 EDT 2019
Commit: Sun Jul 21 22:00:00 EDT 2019
Commit: Mon Jul 22 22:00:00 EDT 2019
Commit: Tue Jul 23 22:00:00 EDT 2019
Commit: Wed Jul 24 22:00:52 EDT 2019
Commit: Sat Jul 27 22:00:00 EDT 2019
Commit: Sun Jul 28 22:00:00 EDT 2019
Commit: Mon Jul 29 22:00:00 EDT 2019
Commit: Wed Aug  7 22:00:00 EDT 2019
Commit: Fri Aug  9 22:00:00 EDT 2019
Commit: Mon Aug 12 22:00:00 EDT 2019
Commit: Wed Aug 14 22:00:01 EDT 2019
Commit: Mon Aug 19 22:00:00 EDT 2019
Commit: Wed Aug 21 22:00:26 EDT 2019
Commit: Sat Aug 24 22:00:01 EDT 2019
Commit: Sun Aug 25 22:00:01 EDT 2019
Commit: Mon Aug 26 22:00:00 EDT 2019
Commit: Tue Aug 27 22:00:00 EDT 2019
Commit: Wed Aug 28 22:00:00 EDT 2019
Commit: Thu Aug 29 22:00:00 EDT 2019
Commit: Fri Aug 30 22:00:00 EDT 2019
Commit: Sat Sep  7 22:00:00 EDT 2019
Commit: Sun Sep  8 22:00:00 EDT 2019
Commit: Thu Sep 12 22:00:00 EDT 2019
Commit: Sun Sep 15 22:00:00 EDT 2019
Commit: Wed Sep 18 22:00:00 EDT 2019
Commit: Fri Sep 20 22:00:00 EDT 2019
Commit: Sun Sep 22 22:00:01 EDT 2019
Commit: Wed Sep 25 22:00:00 EDT 2019
Commit: Mon Sep 30 22:00:00 EDT 2019
Commit: Tue Oct  1 22:00:00 EDT 2019
Commit: Wed Oct  2 22:00:00 EDT 2019
Commit: Thu Oct  3 22:00:01 EDT 2019
Commit: Fri Oct  4 22:00:00 EDT 2019
Commit: Sun Oct  6 22:00:01 EDT 2019
Commit: Mon Oct  7 22:00:00 EDT 2019
Commit: Tue Oct  8 22:00:00 EDT 2019
Commit: Wed Oct  9 22:00:00 EDT 2019
Commit: Fri Oct 11 22:00:00 EDT 2019
Commit: Sat Oct 12 22:00:00 EDT 2019
Commit: Sun Oct 13 22:00:00 EDT 2019
Commit: Mon Oct 14 22:00:00 EDT 2019
Commit: Wed Oct 16 22:00:00 EDT 2019
Commit: Thu Oct 17 22:00:00 EDT 2019
Commit: Fri Oct 18 22:00:00 EDT 2019
Commit: Sun Oct 20 22:00:00 EDT 2019
Commit: Mon Oct 21 22:00:00 EDT 2019
Commit: Tue Oct 22 22:00:00 EDT 2019
Commit: Wed Oct 23 22:00:00 EDT 2019
Commit: Thu Oct 24 22:00:00 EDT 2019
Commit: Sun Oct 27 22:00:00 EDT 2019
Commit: Mon Oct 28 22:00:00 EDT 2019
Commit: Wed Oct 30 22:00:01 EDT 2019
Commit: Sun Nov  3 22:00:00 EST 2019
Commit: Tue Nov  5 22:00:00 EST 2019
Commit: Wed Nov  6 22:00:00 EST 2019
Commit: Sat Nov  9 22:00:01 EST 2019
Commit: Fri Nov 15 22:00:00 EST 2019
Commit: Sun Nov 17 22:00:00 EST 2019
Commit: Mon Nov 18 22:00:00 EST 2019
Commit: Tue Nov 19 22:00:00 EST 2019
Commit: Wed Nov 20 22:00:00 EST 2019
Commit: Thu Dec  5 22:00:00 EST 2019
Commit: Thu Dec 12 22:00:00 EST 2019
Commit: Tue Dec 17 22:00:00 EST 2019
Commit: Wed Dec 18 22:00:00 EST 2019
Commit: Thu Dec 19 22:00:01 EST 2019
Commit: Sat Dec 21 22:00:00 EST 2019
Commit: Sun Dec 29 22:00:00 EST 2019
Commit: Wed Jan  1 22:00:01 EST 2020
Commit: Sat Jan  4 22:00:00 EST 2020
Commit: Sun Jan  5 22:03:59 EST 2020
Commit: Thu Jan  9 22:00:00 EST 2020
Commit: Sat Jan 11 22:00:00 EST 2020
Commit: Sun Jan 12 22:00:00 EST 2020
Commit: Mon Jan 13 22:00:00 EST 2020
Commit: Wed Jan 15 22:00:00 EST 2020
Commit: Thu Jan 16 22:00:00 EST 2020
Commit: Sun Jan 19 22:00:00 EST 2020
Commit: Wed Jan 22 22:00:00 EST 2020
Commit: Thu Jan 23 22:00:00 EST 2020
Commit: Tue Jan 28 22:00:00 EST 2020
Commit: Wed Jan 29 22:00:01 EST 2020
Commit: Thu Jan 30 22:00:00 EST 2020
Commit: Sun Feb  2 22:00:00 EST 2020
Commit: Mon Feb  3 22:00:00 EST 2020
Commit: Tue Feb  4 22:00:01 EST 2020
Commit: Wed Feb  5 22:00:00 EST 2020
Commit: Fri Feb  7 22:00:00 EST 2020
Commit: Mon Feb 10 22:00:01 EST 2020
Commit: Tue Feb 11 22:00:00 EST 2020
Commit: Wed Feb 12 22:00:00 EST 2020
Commit: Thu Feb 13 22:00:00 EST 2020
Commit: Mon Feb 17 22:00:01 EST 2020
Commit: Tue Feb 18 22:00:01 EST 2020
Commit: Wed Feb 19 22:00:00 EST 2020
Commit: Fri Feb 21 22:00:00 EST 2020
Commit: Sat Feb 22 22:00:00 EST 2020
Commit: Mon Feb 24 22:00:00 EST 2020
Commit: Thu Feb 27 22:00:01 EST 2020
Commit: Fri Feb 28 22:00:00 EST 2020
Commit: Sat Feb 29 22:00:00 EST 2020
Commit: Sun Mar  1 22:00:00 EST 2020
Commit: Tue Mar  3 22:00:01 EST 2020
Commit: Thu Mar  5 22:00:00 EST 2020
Commit: Fri Mar  6 22:00:00 EST 2020
Commit: Sun Mar  8 22:00:02 EDT 2020
Commit: Mon Mar  9 22:00:00 EDT 2020
Commit: Tue Mar 10 22:00:00 EDT 2020
Commit: Wed Mar 11 22:00:00 EDT 2020
Commit: Fri Mar 13 22:00:00 EDT 2020
Commit: Sun Mar 15 22:00:00 EDT 2020
Commit: Mon Mar 16 22:00:00 EDT 2020
Commit: Tue Mar 17 22:00:00 EDT 2020
Commit: Thu Mar 19 22:00:00 EDT 2020
Commit: Sat Mar 21 22:00:00 EDT 2020
Commit: Wed Mar 25 22:00:00 EDT 2020
Commit: Sat Mar 28 22:00:00 EDT 2020
Commit: Sun Mar 29 22:00:00 EDT 2020
Commit: Mon Mar 30 22:05:34 EDT 2020
Commit: Thu Apr  2 22:00:00 EDT 2020
Commit: Sat Apr  4 22:00:00 EDT 2020
Commit: Sun Apr  5 22:00:00 EDT 2020
Commit: Tue Apr  7 22:00:00 EDT 2020
Commit: Wed Apr  8 22:00:00 EDT 2020
Commit: Thu Apr  9 22:00:00 EDT 2020
Commit: Fri Apr 10 22:00:00 EDT 2020
Commit: Sat Apr 11 22:00:00 EDT 2020
Commit: Mon Apr 13 22:00:00 EDT 2020
Commit: Tue Apr 14 22:00:00 EDT 2020
Commit: Wed Apr 15 22:00:00 EDT 2020
Commit: Thu Apr 16 22:00:00 EDT 2020
Commit: Fri Apr 17 22:00:00 EDT 2020
Commit: Sat Apr 18 22:00:00 EDT 2020
Commit: Sun Apr 19 22:00:00 EDT 2020
Commit: Mon Apr 20 22:00:00 EDT 2020
Commit: Tue Apr 21 22:00:00 EDT 2020
Commit: Wed Apr 22 22:00:00 EDT 2020
Commit: Thu Apr 23 22:00:00 EDT 2020
Commit: Fri Apr 24 22:00:00 EDT 2020
Commit: Sun Apr 26 22:00:00 EDT 2020
Commit: Mon Apr 27 22:00:01 EDT 2020
Commit: Tue Apr 28 22:00:00 EDT 2020
Commit: Wed Apr 29 22:00:01 EDT 2020
Commit: Sun May  3 22:00:00 EDT 2020
Commit: Mon May  4 22:01:04 EDT 2020
Commit: Tue May  5 22:00:00 EDT 2020
Commit: Sat May  9 22:00:00 EDT 2020
Commit: Tue May 12 22:00:00 EDT 2020
Commit: Sun May 17 22:05:33 EDT 2020
Commit: Tue May 19 22:00:00 EDT 2020
Commit: Mon May 25 22:00:00 EDT 2020
Commit: Tue May 26 22:00:00 EDT 2020
Commit: Mon Jun  8 22:01:58 EDT 2020
Commit: Tue Jun  9 22:00:00 EDT 2020
Commit: Wed Jun 10 22:00:00 EDT 2020
Commit: Thu Jun 11 22:00:00 EDT 2020
Commit: Fri Jun 12 22:00:00 EDT 2020
Commit: Sun Jun 14 22:00:01 EDT 2020
Commit: Mon Jun 15 22:00:00 EDT 2020
Commit: Thu Jun 18 22:00:00 EDT 2020
Commit: Mon Jun 22 22:00:00 EDT 2020
Commit: Wed Jun 24 22:00:01 EDT 2020
Commit: Thu Jun 25 22:00:00 EDT 2020
Commit: Sat Jun 27 22:00:00 EDT 2020
Commit: Tue Jun 30 22:00:00 EDT 2020
Commit: Wed Jul  1 22:00:00 EDT 2020
Commit: Sat Jul  4 22:00:00 EDT 2020
Commit: Mon Jul  6 22:00:00 EDT 2020
Commit: Wed Jul  8 22:00:00 EDT 2020
Commit: Fri Jul 10 22:00:00 EDT 2020
Commit: Sat Jul 11 22:00:00 EDT 2020
Commit: Fri Jul 17 22:00:00 EDT 2020
Commit: Sun Jul 19 22:00:01 EDT 2020
Commit: Mon Jul 20 22:00:00 EDT 2020
Commit: Thu Jul 23 22:00:00 EDT 2020
Commit: Tue Jul 28 22:00:00 EDT 2020
Commit: Wed Jul 29 22:00:00 EDT 2020
Commit: Sat Aug  1 22:00:00 EDT 2020
Commit: Sun Aug  2 22:00:00 EDT 2020
Commit: Mon Aug  3 22:00:00 EDT 2020
Commit: Tue Aug  4 22:00:00 EDT 2020
Commit: Wed Aug  5 22:00:01 EDT 2020
Commit: Thu Aug  6 22:00:00 EDT 2020
Commit: Sat Aug  8 22:00:15 EDT 2020
Commit: Mon Aug 10 22:01:02 EDT 2020
Commit: Tue Aug 11 22:00:00 EDT 2020
Commit: Thu Aug 13 22:00:00 EDT 2020
Commit: Sun Aug 16 22:00:00 EDT 2020
Commit: Mon Aug 17 22:00:00 EDT 2020
Commit: Tue Aug 18 22:00:00 EDT 2020
Commit: Thu Aug 20 22:00:00 EDT 2020
Commit: Sat Aug 22 22:00:00 EDT 2020
Commit: Tue Aug 25 22:00:00 EDT 2020
Commit: Wed Aug 26 22:00:00 EDT 2020
Commit: Thu Aug 27 22:00:00 EDT 2020
Commit: Fri Aug 28 22:00:00 EDT 2020
Commit: Sat Aug 29 22:00:00 EDT 2020
Commit: Sun Aug 30 22:00:00 EDT 2020
Commit: Mon Aug 31 22:00:00 EDT 2020
Commit: Wed Sep  2 22:00:00 EDT 2020
Commit: Thu Sep  3 22:00:00 EDT 2020
Commit: Fri Sep  4 22:00:00 EDT 2020
Commit: Sat Sep  5 22:00:00 EDT 2020
Commit: Sun Sep  6 22:00:00 EDT 2020
Commit: Mon Sep  7 22:00:00 EDT 2020
Commit: Wed Sep  9 22:00:00 EDT 2020
Commit: Thu Sep 10 22:00:00 EDT 2020
Commit: Fri Sep 11 22:00:00 EDT 2020
Commit: Sat Sep 12 22:00:00 EDT 2020
Commit: Thu Sep 17 22:00:00 EDT 2020
Commit: Sat Sep 26 22:00:00 EDT 2020
Commit: Wed Oct  7 22:00:00 EDT 2020
Commit: Thu Oct  8 22:00:00 EDT 2020
Commit: Fri Oct  9 22:00:00 EDT 2020
Commit: Mon Oct 12 22:00:00 EDT 2020
Commit: Tue Oct 13 22:00:00 EDT 2020
Commit: Thu Oct 15 22:00:00 EDT 2020
Commit: Sat Oct 17 22:00:00 EDT 2020
Commit: Tue Oct 20 22:00:00 EDT 2020
Commit: Fri Oct 23 22:00:00 EDT 2020
Commit: Sat Oct 24 22:00:00 EDT 2020
Commit: Sun Oct 25 22:00:00 EDT 2020
Commit: Mon Oct 26 22:00:00 EDT 2020
Commit: Thu Oct 29 22:00:01 EDT 2020
Commit: Mon Nov  2 22:00:00 EST 2020
Commit: Fri Nov  6 22:00:00 EST 2020
Commit: Sat Nov  7 22:00:00 EST 2020
Commit: Sun Nov  8 22:00:00 EST 2020
Commit: Tue Nov 10 22:00:01 EST 2020
Commit: Wed Nov 11 22:00:00 EST 2020
Commit: Thu Nov 12 22:00:00 EST 2020
Commit: Fri Nov 13 22:00:00 EST 2020
Commit: Sat Nov 14 22:00:00 EST 2020
Commit: Sun Nov 15 22:00:00 EST 2020
Commit: Mon Nov 16 22:00:00 EST 2020
Commit: Tue Nov 17 22:00:00 EST 2020
Commit: Wed Nov 18 22:00:00 EST 2020
Commit: Thu Nov 19 22:00:00 EST 2020
Commit: Fri Nov 20 22:00:00 EST 2020
Commit: Mon Nov 23 22:00:00 EST 2020
Commit: Tue Nov 24 22:00:00 EST 2020
Commit: Fri Nov 27 22:05:00 EST 2020
Commit: Sat Nov 28 22:00:00 EST 2020
Commit: Sun Nov 29 22:00:00 EST 2020
Commit: Mon Nov 30 22:00:00 EST 2020
Commit: Tue Dec  1 22:00:00 EST 2020
Commit: Wed Dec  2 22:00:00 EST 2020
Commit: Thu Dec  3 22:00:00 EST 2020
Commit: Sat Dec  5 22:00:00 EST 2020
Commit: Sun Dec  6 22:00:00 EST 2020
Commit: Mon Dec  7 22:00:00 EST 2020
Commit: Tue Dec  8 22:00:00 EST 2020
Commit: Thu Dec 10 22:00:00 EST 2020
Commit: Fri Dec 11 22:00:00 EST 2020
Commit: Sat Dec 12 22:00:00 EST 2020
Commit: Sun Dec 13 22:00:00 EST 2020
Commit: Thu Dec 17 22:00:00 EST 2020
Commit: Fri Dec 18 22:00:00 EST 2020
Commit: Sun Dec 20 22:00:00 EST 2020
Commit: Tue Dec 22 22:00:00 EST 2020
Commit: Sun Dec 27 22:00:00 EST 2020
Commit: Tue Dec 29 22:00:00 EST 2020
Commit: Wed Dec 30 22:00:00 EST 2020
Commit: Fri Jan  1 22:00:00 EST 2021
Commit: Sat Jan  2 22:00:00 EST 2021
Commit: Sun Jan  3 22:00:00 EST 2021
Commit: Mon Feb 15 22:00:00 EST 2021
Commit: Sat Feb 20 22:00:00 EST 2021
Commit: Mon Feb 22 22:00:00 EST 2021
Commit: Tue Feb 23 22:00:00 EST 2021
Commit: Sat Feb 27 22:00:00 EST 2021
Commit: Tue Mar  2 22:00:00 EST 2021
Commit: Fri Mar  5 22:00:00 EST 2021
Commit: Sun Mar  7 22:00:00 EST 2021
Commit: Wed Mar 10 22:00:00 EST 2021
Commit: Thu Mar 11 22:00:00 EST 2021
Commit: Fri Mar 12 22:00:00 EST 2021
Commit: Sat Mar 13 22:00:00 EST 2021
Commit: Sun Mar 14 22:00:01 EDT 2021
Commit: Tue Mar 16 22:00:00 EDT 2021
Commit: Wed Mar 17 22:00:01 EDT 2021
Commit: Fri Mar 19 22:00:00 EDT 2021
Commit: Mon Mar 22 22:00:00 EDT 2021
Commit: Wed Mar 24 22:00:00 EDT 2021
Commit: Thu Mar 25 22:00:01 EDT 2021
Commit: Fri Mar 26 22:00:00 EDT 2021
Commit: Sun Mar 28 22:00:00 EDT 2021
Commit: Mon Mar 29 22:00:00 EDT 2021
Commit: Tue Mar 30 22:00:00 EDT 2021
Commit: Wed Mar 31 22:00:00 EDT 2021
Commit: Thu Apr  1 22:00:00 EDT 2021
Commit: Fri Apr  2 22:00:01 EDT 2021
Commit: Sat Apr  3 22:00:00 EDT 2021
Commit: Sun Apr  4 22:00:00 EDT 2021
Commit: Mon Apr  5 22:00:01 EDT 2021
Commit: Tue Apr  6 22:00:00 EDT 2021
Commit: Thu Apr  8 22:00:00 EDT 2021
Commit: Fri Apr  9 22:00:00 EDT 2021
Commit: Sat Apr 10 22:00:00 EDT 2021
Commit: Mon Apr 12 22:00:00 EDT 2021
Commit: Tue Apr 13 22:00:00 EDT 2021
Commit: Wed Apr 14 22:00:00 EDT 2021
Commit: Sat Apr 17 22:00:00 EDT 2021
Commit: Sun Apr 18 22:00:00 EDT 2021
Commit: Mon Apr 19 22:00:00 EDT 2021
Commit: Tue Apr 20 22:00:00 EDT 2021
Commit: Wed Apr 21 22:00:00 EDT 2021
Commit: Fri Apr 23 22:00:00 EDT 2021
Commit: Sat Apr 24 22:00:00 EDT 2021
Commit: Mon Apr 26 22:00:00 EDT 2021
Commit: Tue Apr 27 22:00:00 EDT 2021
Commit: Tue Jun  1 22:00:00 EDT 2021
Commit: Wed Jun  2 22:00:00 EDT 2021
Commit: Thu Jun  3 22:00:00 EDT 2021
Commit: Sun Jun  6 22:00:00 EDT 2021
Commit: Mon Jun  7 22:00:00 EDT 2021
Commit: Tue Jun  8 22:00:01 EDT 2021
Commit: Wed Jun  9 22:00:00 EDT 2021
Commit: Sun Jun 13 22:00:00 EDT 2021
Commit: Thu Jun 17 22:00:00 EDT 2021
Commit: Fri Jun 18 22:00:00 EDT 2021
Commit: Sun Jun 20 22:00:00 EDT 2021
Commit: Mon Jun 21 22:00:00 EDT 2021
Commit: Thu Jun 24 22:00:00 EDT 2021
Commit: Sat Jun 26 22:00:00 EDT 2021
Commit: Mon Jun 28 22:00:01 EDT 2021
Commit: Tue Jun 29 22:00:00 EDT 2021
Commit: Sat Jul  3 22:01:15 EDT 2021
Commit: Tue Jul  6 22:00:00 EDT 2021
Commit: Wed Jul  7 22:00:00 EDT 2021
Commit: Sun Jul 11 22:00:00 EDT 2021
Commit: Tue Jul 13 22:00:00 EDT 2021
Commit: Wed Jul 14 22:00:00 EDT 2021
Commit: Thu Jul 15 22:00:00 EDT 2021
Commit: Fri Jul 30 22:00:00 EDT 2021
Commit: Sat Aug  7 22:00:00 EDT 2021
Commit: Sun Aug  8 22:00:00 EDT 2021
Commit: Tue Aug 10 22:00:00 EDT 2021
Commit: Wed Aug 11 22:00:00 EDT 2021
Commit: Thu Aug 12 22:00:00 EDT 2021
Commit: Fri Aug 13 22:00:00 EDT 2021
Commit: Sat Aug 14 22:00:00 EDT 2021
Commit: Sun Aug 15 22:00:01 EDT 2021
Commit: Mon Aug 16 22:00:00 EDT 2021
Commit: Tue Aug 17 22:00:00 EDT 2021
Commit: Thu Aug 19 22:00:00 EDT 2021
Commit: Fri Aug 20 22:00:00 EDT 2021
Commit: Sat Aug 21 22:01:46 EDT 2021
Commit: Wed Aug 25 22:00:00 EDT 2021
Commit: Fri Aug 27 22:00:01 EDT 2021
Commit: Mon Aug 30 22:00:01 EDT 2021
Commit: Tue Aug 31 22:00:00 EDT 2021
Commit: Wed Sep  1 22:00:00 EDT 2021
Commit: Thu Sep  2 22:00:00 EDT 2021
Commit: Fri Sep  3 22:00:00 EDT 2021
Commit: Sat Sep  4 22:00:00 EDT 2021
Commit: Sun Sep  5 22:00:00 EDT 2021
Commit: Mon Sep  6 22:00:00 EDT 2021
Commit: Tue Sep  7 22:00:00 EDT 2021
Commit: Wed Sep  8 22:00:00 EDT 2021
Commit: Sat Sep 11 22:00:00 EDT 2021
Commit: Sun Sep 12 22:00:00 EDT 2021
Commit: Tue Sep 14 22:00:00 EDT 2021
Commit: Wed Sep 15 22:00:00 EDT 2021
Commit: Thu Sep 16 22:00:00 EDT 2021
Commit: Fri Sep 17 22:00:01 EDT 2021
Commit: Sat Sep 18 22:00:00 EDT 2021
Commit: Tue Sep 21 22:00:00 EDT 2021
Commit: Wed Sep 22 22:00:00 EDT 2021
Commit: Thu Sep 23 22:00:00 EDT 2021
Commit: Sun Sep 26 22:00:00 EDT 2021
Commit: Mon Sep 27 22:00:01 EDT 2021
Commit: Tue Sep 28 22:00:00 EDT 2021
Commit: Wed Sep 29 22:00:00 EDT 2021
Commit: Fri Oct  1 22:00:00 EDT 2021
Commit: Sat Oct  2 22:00:00 EDT 2021
Commit: Sun Oct  3 22:00:00 EDT 2021
Commit: Tue Oct  5 22:00:00 EDT 2021
Commit: Wed Oct  6 22:00:00 EDT 2021
Commit: Thu Oct  7 22:00:00 EDT 2021
Commit: Sat Oct  9 22:00:01 EDT 2021
Commit: Sun Oct 10 22:00:00 EDT 2021
Commit: Mon Oct 11 22:00:00 EDT 2021
Commit: Tue Oct 12 22:00:00 EDT 2021
Commit: Thu Oct 14 22:00:00 EDT 2021
Commit: Fri Oct 15 22:00:00 EDT 2021
Commit: Mon Oct 18 22:00:00 EDT 2021
Commit: Tue Oct 19 22:00:00 EDT 2021
Commit: Wed Oct 20 22:00:00 EDT 2021
Commit: Thu Oct 21 22:00:00 EDT 2021
Commit: Sat Oct 23 22:00:00 EDT 2021
Commit: Sun Oct 24 22:00:01 EDT 2021
Commit: Mon Oct 25 22:00:00 EDT 2021
Commit: Tue Oct 26 22:00:00 EDT 2021
Commit: Wed Oct 27 22:00:00 EDT 2021
Commit: Thu Oct 28 22:00:01 EDT 2021
Commit: Fri Oct 29 22:00:00 EDT 2021
Commit: Sat Oct 30 22:00:00 EDT 2021
Commit: Sun Oct 31 22:00:00 EDT 2021
Commit: Mon Nov  1 22:00:00 EDT 2021
Commit: Tue Nov  2 22:00:00 EDT 2021
Commit: Wed Nov  3 22:00:00 EDT 2021
Commit: Thu Nov  4 22:00:00 EDT 2021
Commit: Fri Nov  5 22:00:00 EDT 2021
Commit: Sat Nov  6 22:00:00 EDT 2021
Commit: Sun Nov  7 22:00:00 EST 2021
Commit: Mon Nov  8 22:00:00 EST 2021
Commit: Tue Nov  9 22:00:00 EST 2021
Commit: Thu Nov 11 22:02:12 EST 2021
Commit: Sat Nov 13 22:00:00 EST 2021
Commit: Tue Nov 16 22:00:00 EST 2021
Commit: Wed Nov 17 22:00:00 EST 2021
Commit: Sun Nov 21 22:00:00 EST 2021
Commit: Mon Nov 22 22:00:00 EST 2021
Commit: Tue Nov 23 22:00:00 EST 2021
Commit: Wed Nov 24 22:00:00 EST 2021
Commit: Thu Nov 25 22:00:00 EST 2021
Commit: Sat Nov 27 22:00:00 EST 2021
Commit: Mon Nov 29 22:00:00 EST 2021
Commit: Tue Nov 30 22:00:00 EST 2021
Commit: Sat Dec  4 22:00:00 EST 2021
Commit: Mon Dec  6 22:00:00 EST 2021
Commit: Thu Dec  9 22:00:00 EST 2021
Commit: Fri Dec 10 22:00:00 EST 2021
Commit: Sat Dec 11 22:00:00 EST 2021
Commit: Sun Dec 12 22:00:00 EST 2021
Commit: Mon Dec 13 22:00:00 EST 2021
Commit: Wed Dec 15 22:00:01 EST 2021
Commit: Fri Dec 17 22:00:00 EST 2021
Commit: Mon Dec 20 22:00:00 EST 2021
Commit: Tue Dec 21 22:00:00 EST 2021
Commit: Wed Dec 22 22:00:00 EST 2021
Commit: Fri Dec 24 22:00:00 EST 2021
Commit: Sat Dec 25 22:00:00 EST 2021
Commit: Mon Dec 27 22:00:00 EST 2021
Commit: Wed Dec 29 22:00:00 EST 2021
Commit: Fri Dec 31 22:00:01 EST 2021
Commit: Thu Jan  6 22:00:00 EST 2022
Commit: Sat Jan  8 22:00:00 EST 2022
Commit: Sun Jan  9 22:00:00 EST 2022
Commit: Mon Jan 10 22:00:00 EST 2022
Commit: Wed Jan 12 22:00:00 EST 2022
Commit: Fri Jan 14 22:00:00 EST 2022
Commit: Sat Jan 15 22:00:00 EST 2022
Commit: Sun Jan 16 22:00:00 EST 2022
Commit: Tue Jan 18 22:05:06 EST 2022
Commit: Mon Jan 24 22:00:00 EST 2022
Commit: Tue Jan 25 22:00:00 EST 2022
Commit: Sun Jan 30 22:00:00 EST 2022
Commit: Mon Jan 31 22:02:15 EST 2022
Commit: Tue Feb  1 22:00:00 EST 2022
Commit: Sat Feb  5 22:00:00 EST 2022
Commit: Sun Feb  6 22:00:00 EST 2022
Commit: Mon Feb  7 22:00:00 EST 2022
Commit: Wed Feb  9 22:00:00 EST 2022
Commit: Thu Feb 10 22:00:00 EST 2022
Commit: Fri Feb 11 22:00:00 EST 2022
Commit: Sat Feb 12 22:00:00 EST 2022
Commit: Sun Feb 13 22:00:00 EST 2022
Commit: Mon Feb 14 22:00:00 EST 2022
Commit: Tue Feb 15 22:00:00 EST 2022
Commit: Wed Feb 16 22:00:00 EST 2022
Commit: Thu Feb 17 22:00:00 EST 2022
Commit: Fri Feb 18 22:00:01 EST 2022
Commit: Sat Feb 19 22:00:00 EST 2022
Commit: Sun Feb 20 22:00:00 EST 2022
Commit: Mon Feb 21 22:00:00 EST 2022
Commit: Tue Feb 22 22:00:00 EST 2022
Commit: Wed Feb 23 22:00:00 EST 2022
Commit: Fri Feb 25 22:00:00 EST 2022
Commit: Sun Feb 27 22:00:00 EST 2022
Commit: Mon Feb 28 22:00:00 EST 2022
Commit: Thu Mar  3 22:00:00 EST 2022
Commit: Fri Mar  4 22:00:00 EST 2022
Commit: Sat Mar  5 22:00:00 EST 2022
Commit: Sun Mar  6 22:00:00 EST 2022
Commit: Mon Mar  7 22:00:00 EST 2022
Commit: Tue Mar  8 22:00:00 EST 2022
Commit: Wed Mar 16 22:00:00 EDT 2022
Commit: Fri Mar 18 22:02:00 EDT 2022
Commit: Sat Mar 19 22:00:01 EDT 2022
Commit: Mon Mar 21 22:00:00 EDT 2022
Commit: Tue Mar 22 22:00:00 EDT 2022
Commit: Wed Mar 23 22:00:00 EDT 2022
Commit: Thu Mar 24 22:00:00 EDT 2022
Commit: Fri Mar 25 22:00:00 EDT 2022
Commit: Sun Mar 27 22:00:00 EDT 2022
Commit: Mon Mar 28 22:00:00 EDT 2022
Commit: Tue Mar 29 22:00:00 EDT 2022
Commit: Mon Apr  4 22:00:00 EDT 2022
Commit: Tue Apr  5 22:00:01 EDT 2022
Commit: Wed Apr  6 22:00:00 EDT 2022
Commit: Thu Apr  7 22:00:00 EDT 2022
Commit: Thu Apr 14 22:00:00 EDT 2022
Commit: Sun Apr 17 22:00:00 EDT 2022
Commit: Tue Apr 19 22:00:00 EDT 2022
Commit: Wed Apr 20 22:00:00 EDT 2022
Commit: Thu Apr 21 22:00:00 EDT 2022
Commit: Mon Apr 25 22:00:00 EDT 2022
Commit: Tue Apr 26 22:00:00 EDT 2022
Commit: Thu Apr 28 22:00:00 EDT 2022
Commit: Fri Apr 29 22:00:00 EDT 2022
Commit: Sun May  1 22:00:07 EDT 2022
Commit: Mon May  2 22:00:07 EDT 2022
Commit: Thu May  5 22:00:00 EDT 2022
Commit: Fri May  6 22:00:00 EDT 2022
Commit: Sun May  8 22:00:00 EDT 2022
Commit: Mon May  9 22:00:00 EDT 2022
Commit: Wed May 11 22:00:00 EDT 2022
Commit: Fri May 13 22:00:00 EDT 2022
Commit: Sat May 14 22:00:01 EDT 2022
Commit: Mon May 16 22:00:00 EDT 2022
Commit: Tue May 17 22:00:00 EDT 2022
Commit: Wed May 18 22:00:01 EDT 2022
Commit: Thu May 19 22:00:00 EDT 2022
Commit: Fri May 20 22:00:00 EDT 2022
Commit: Tue May 24 22:00:00 EDT 2022
Commit: Thu May 26 22:00:00 EDT 2022
Commit: Fri May 27 22:00:00 EDT 2022
Commit: Sat May 28 22:00:00 EDT 2022
Commit: Tue May 31 22:00:00 EDT 2022
Commit: Wed Jun  1 22:00:00 EDT 2022
Commit: Fri Jun  3 22:00:00 EDT 2022
Commit: Mon Jun  6 22:00:00 EDT 2022
Commit: Thu Jun  9 22:00:00 EDT 2022
Commit: Fri Jun 10 22:00:00 EDT 2022
Commit: Mon Jun 20 22:00:00 EDT 2022
Commit: Sat Jul  2 22:00:00 EDT 2022
Commit: Tue Jul  5 22:00:00 EDT 2022
Commit: Sat Jul  9 22:00:00 EDT 2022
Commit: Mon Jul 11 22:00:00 EDT 2022
Commit: Tue Jul 12 22:00:00 EDT 2022
Commit: Wed Jul 13 22:00:00 EDT 2022
Commit: Thu Jul 14 22:00:00 EDT 2022
Commit: Fri Jul 15 22:00:00 EDT 2022
Commit: Mon Jul 18 22:00:00 EDT 2022
Commit: Tue Jul 19 22:00:01 EDT 2022
Commit: Thu Jul 21 22:00:00 EDT 2022
Commit: Fri Jul 22 22:00:00 EDT 2022
Commit: Sat Jul 23 22:00:01 EDT 2022
Commit: Tue Jul 26 22:00:01 EDT 2022
Commit: Tue Aug  2 22:00:00 EDT 2022
Commit: Wed Aug 10 22:00:00 EDT 2022
Commit: Thu Aug 11 22:00:00 EDT 2022
Commit: Fri Aug 12 22:00:00 EDT 2022
Commit: Sat Aug 13 22:00:00 EDT 2022
Commit: Sun Aug 14 22:00:00 EDT 2022
Commit: Tue Aug 16 22:00:00 EDT 2022
Commit: Wed Aug 17 22:00:00 EDT 2022
Commit: Thu Aug 18 22:00:00 EDT 2022
Commit: Fri Aug 19 22:00:00 EDT 2022
Commit: Sat Aug 20 22:00:00 EDT 2022
Commit: Thu Aug 25 22:00:00 EDT 2022
Commit: Fri Aug 26 22:00:00 EDT 2022
Commit: Mon Aug 29 22:00:00 EDT 2022
Commit: Thu Sep  1 22:00:00 EDT 2022
Commit: Mon Sep  5 22:00:00 EDT 2022
Commit: Tue Sep  6 22:00:00 EDT 2022
Commit: Wed Sep  7 22:00:00 EDT 2022
Commit: Fri Sep  9 22:00:00 EDT 2022
Commit: Mon Sep 12 22:00:00 EDT 2022
Commit: Tue Sep 13 22:00:00 EDT 2022
Commit: Wed Sep 14 22:00:00 EDT 2022
Commit: Sun Sep 18 22:00:00 EDT 2022
Commit: Tue Sep 20 22:00:00 EDT 2022
Commit: Thu Sep 22 22:00:00 EDT 2022
Commit: Mon Oct  3 22:00:00 EDT 2022
Commit: Thu Oct  6 22:00:00 EDT 2022
Commit: Fri Oct  7 22:00:00 EDT 2022
Commit: Tue Oct 11 22:00:00 EDT 2022
Commit: Thu Oct 13 22:00:00 EDT 2022
Commit: Fri Oct 14 22:00:00 EDT 2022
Commit: Sat Oct 15 22:00:00 EDT 2022
Commit: Mon Oct 17 22:00:00 EDT 2022
Commit: Tue Oct 18 22:00:00 EDT 2022
Commit: Wed Oct 19 22:00:00 EDT 2022
Commit: Thu Oct 20 22:00:00 EDT 2022
Commit: Sun Oct 23 22:00:00 EDT 2022
Commit: Mon Oct 24 22:00:01 EDT 2022
Commit: Tue Oct 25 22:00:00 EDT 2022
Commit: Fri Oct 28 22:00:00 EDT 2022
Commit: Sat Oct 29 22:00:00 EDT 2022
Commit: Sun Oct 30 22:00:01 EDT 2022
Commit: Mon Oct 31 22:00:00 EDT 2022
Commit: Wed Nov  2 22:00:00 EDT 2022
Commit: Thu Nov  3 22:00:00 EDT 2022
Commit: Fri Nov  4 22:00:00 EDT 2022
Commit: Mon Nov  7 22:00:00 EST 2022
Commit: Sat Nov 12 22:00:00 EST 2022
Commit: Sun Nov 13 22:00:00 EST 2022
Commit: Tue Nov 15 22:00:00 EST 2022
Commit: Wed Nov 16 22:00:00 EST 2022
Commit: Sun Nov 20 22:06:59 EST 2022
Commit: Fri Nov 25 22:00:00 EST 2022
Commit: Sat Nov 26 22:00:00 EST 2022
Commit: Sun Nov 27 22:00:00 EST 2022
Commit: Sat Dec 10 22:00:00 EST 2022
Commit: Sun Dec 11 22:00:00 EST 2022
Commit: Tue Dec 13 22:00:00 EST 2022
Commit: Wed Dec 14 22:00:00 EST 2022
Commit: Thu Dec 15 22:00:00 EST 2022
Commit: Fri Dec 16 22:00:00 EST 2022
Commit: Sat Dec 17 22:00:00 EST 2022
Commit: Mon Dec 19 22:00:00 EST 2022
Commit: Sat Dec 31 22:00:00 EST 2022
Commit: Sun Jan  1 22:00:00 EST 2023
Commit: Mon Jan  2 22:00:01 EST 2023
Commit: Tue Jan  3 22:00:00 EST 2023
Commit: Thu Jan  5 22:00:00 EST 2023
Commit: Tue Jan 10 22:00:00 EST 2023
Commit: Wed Jan 11 22:00:00 EST 2023
Commit: Thu Jan 12 22:00:01 EST 2023
Commit: Sat Jan 14 22:00:00 EST 2023
Commit: Sun Jan 15 22:00:01 EST 2023
Commit: Mon Jan 16 22:00:00 EST 2023
Commit: Tue Jan 17 22:00:00 EST 2023
Commit: Wed Jan 18 22:00:00 EST 2023
Commit: Thu Jan 19 22:00:00 EST 2023
Commit: Fri Jan 20 22:00:00 EST 2023
Commit: Sat Jan 21 22:00:00 EST 2023
Commit: Sun Jan 22 22:00:00 EST 2023
Commit: Mon Jan 23 22:00:01 EST 2023
Commit: Tue Jan 24 22:00:00 EST 2023
Commit: Thu Jan 26 22:00:00 EST 2023
Commit: Mon Jan 30 22:00:00 EST 2023
Commit: Tue Jan 31 22:00:00 EST 2023
Commit: Wed Feb  1 22:00:00 EST 2023
Commit: Mon Feb  6 22:00:00 EST 2023
Commit: Tue Feb  7 22:00:00 EST 2023
Commit: Sun Feb 12 22:00:00 EST 2023
Commit: Mon Feb 13 22:00:00 EST 2023
Commit: Tue Feb 14 22:00:01 EST 2023
Commit: Wed Feb 15 22:00:00 EST 2023
Commit: Thu Feb 16 22:00:00 EST 2023
Commit: Sat Feb 18 22:00:01 EST 2023
Commit: Sun Feb 19 22:00:00 EST 2023
Commit: Mon Feb 20 22:00:00 EST 2023
Commit: Mon Feb 27 22:00:00 EST 2023
Commit: Fri Mar  3 22:00:00 EST 2023
Commit: Mon Mar  6 22:00:00 EST 2023
Commit: Tue Mar  7 22:00:00 EST 2023
Commit: Thu Mar  9 22:00:00 EST 2023
Commit: Fri Mar 10 22:00:00 EST 2023
Commit: Sun Mar 12 22:00:01 EDT 2023
Commit: Mon Mar 13 22:00:00 EDT 2023
Commit: Wed Mar 15 22:00:00 EDT 2023
Commit: Thu Mar 16 22:00:00 EDT 2023
Commit: Fri Mar 17 22:00:00 EDT 2023
Commit: Sat Mar 18 22:00:00 EDT 2023
Commit: Sun Mar 19 22:00:00 EDT 2023
Commit: Thu Mar 23 22:00:00 EDT 2023
Commit: Sat Mar 25 22:00:00 EDT 2023
Commit: Sun Mar 26 22:00:00 EDT 2023
Commit: Sun Apr  2 22:00:00 EDT 2023
Commit: Mon Apr  3 22:00:01 EDT 2023
Commit: Sun Apr 16 22:00:00 EDT 2023
Commit: Sat Apr 22 22:00:00 EDT 2023
Commit: Sun Apr 23 22:00:00 EDT 2023
Commit: Mon Apr 24 22:00:00 EDT 2023
Commit: Tue Apr 25 22:00:00 EDT 2023
Commit: Wed Apr 26 22:00:00 EDT 2023
Commit: Mon May  1 22:00:01 EDT 2023
Commit: Thu May  4 22:00:01 EDT 2023
Commit: Sun May  7 22:00:00 EDT 2023
Commit: Wed May 10 22:00:00 EDT 2023
Commit: Mon May 15 22:00:00 EDT 2023
Commit: Wed May 17 22:00:00 EDT 2023
Commit: Mon May 22 22:00:00 EDT 2023
Commit: Tue May 23 22:00:00 EDT 2023
Commit: Thu May 25 22:00:00 EDT 2023
Commit: Thu Jun  1 22:00:00 EDT 2023
Commit: Sun Jun 11 22:00:00 EDT 2023
Commit: Mon Jun 12 22:00:01 EDT 2023
Commit: Thu Jun 15 22:00:00 EDT 2023
Commit: Sun Jun 18 22:00:00 EDT 2023
Commit: Tue Aug 22 22:00:00 EDT 2023
Commit: Mon Aug 28 22:00:00 EDT 2023
Commit: Sun Sep  3 22:00:00 EDT 2023
Commit: Mon Sep  4 22:00:00 EDT 2023
Commit: Tue Sep  5 22:00:00 EDT 2023
Commit: Wed Sep  6 22:00:00 EDT 2023
Commit: Thu Sep  7 22:00:01 EDT 2023
Commit: Sat Sep  9 22:00:00 EDT 2023
Commit: Tue Sep 12 22:00:00 EDT 2023
Commit: Thu Sep 14 22:00:00 EDT 2023
Commit: Sat Sep 16 22:00:00 EDT 2023
Commit: Sun Sep 17 22:00:01 EDT 2023
Commit: Mon Sep 18 22:00:00 EDT 2023
Commit: Tue Sep 26 22:00:00 EDT 2023
Commit: Wed Sep 27 22:00:00 EDT 2023
Commit: Thu Sep 28 22:00:01 EDT 2023
Commit: Sun Oct  1 22:00:00 EDT 2023
Commit: Tue Oct  3 22:00:00 EDT 2023
Commit: Wed Oct  4 22:00:00 EDT 2023
Commit: Thu Oct  5 22:00:00 EDT 2023
Commit: Fri Oct  6 22:00:00 EDT 2023
Commit: Sun Oct  8 22:00:01 EDT 2023
Commit: Tue Oct 10 22:00:00 EDT 2023
Commit: Wed Oct 11 22:00:01 EDT 2023
Commit: Thu Oct 12 22:00:00 EDT 2023
Commit: Fri Oct 13 22:00:00 EDT 2023
Commit: Sat Oct 14 22:00:00 EDT 2023
Commit: Sun Oct 15 22:00:00 EDT 2023
Commit: Mon Oct 16 22:00:00 EDT 2023
Commit: Thu Oct 19 22:00:00 EDT 2023
Commit: Fri Oct 20 22:00:00 EDT 2023
Commit: Sat Oct 21 22:00:00 EDT 2023
Commit: Mon Oct 23 22:00:01 EDT 2023
Commit: Tue Oct 24 22:00:00 EDT 2023
Commit: Wed Oct 25 22:00:00 EDT 2023
Commit: Sat Oct 28 22:00:00 EDT 2023
Commit: Sun Oct 29 22:00:00 EDT 2023
Commit: Mon Oct 30 22:00:01 EDT 2023
Commit: Tue Oct 31 22:00:00 EDT 2023
Commit: Fri Nov  3 22:00:00 EDT 2023
Commit: Mon Nov  6 22:00:00 EST 2023
Commit: Fri Nov 10 22:00:00 EST 2023
Commit: Sat Nov 11 22:00:00 EST 2023
Commit: Sun Nov 12 22:00:00 EST 2023
Commit: Wed Nov 15 22:00:00 EST 2023
Commit: Thu Nov 16 22:00:00 EST 2023
Commit: Fri Nov 17 22:00:01 EST 2023
Commit: Sat Nov 18 22:00:00 EST 2023
Commit: Sun Nov 19 22:00:00 EST 2023
Commit: Mon Nov 20 22:03:30 EST 2023
Commit: Tue Nov 21 22:00:00 EST 2023
Commit: Thu Nov 23 22:00:00 EST 2023
Commit: Sat Nov 25 22:00:00 EST 2023
Commit: Sun Nov 26 22:00:00 EST 2023
Commit: Mon Nov 27 22:00:00 EST 2023
Commit: Sat Dec  2 22:00:00 EST 2023
Commit: Sun Dec  3 22:00:00 EST 2023
Commit: Wed Dec  6 22:00:01 EST 2023
Commit: Tue Dec 12 22:00:00 EST 2023
Commit: Sat Dec 16 22:00:00 EST 2023
Commit: Thu Dec 21 22:00:00 EST 2023
Commit: Fri Dec 22 22:00:00 EST 2023
Commit: Sat Dec 23 22:00:00 EST 2023
Commit: Sun Dec 24 22:00:00 EST 2023
Commit: Mon Dec 25 22:00:01 EST 2023
Commit: Sat Dec 30 22:00:00 EST 2023
Commit: Sun Dec 31 22:00:00 EST 2023
Commit: Mon Jan  1 22:00:00 EST 2024
Commit: Tue Jan  2 22:00:00 EST 2024
Commit: Wed Jan  3 22:00:00 EST 2024
Commit: Thu Jan  4 22:00:00 EST 2024
Commit: Fri Jan  5 22:00:00 EST 2024
Commit: Fri Jan 12 22:00:00 EST 2024
Commit: Wed Jan 17 22:00:00 EST 2024
Commit: Thu Jan 18 22:00:00 EST 2024
Commit: Sat Jan 20 22:00:00 EST 2024
Commit: Sun Jan 21 22:00:00 EST 2024
